{"cameraMode":{"drawMode":0,"name":"Shaded","section":"Shading Mode"},"sceneLighting":true,"audioPlay":false,"sceneViewState":{"m_AlwaysRefresh":false,"showFog":true,"showSkybox":true,"showFlares":true,"showImageEffects":true,"showParticleSystems":true,"showVisualEffectGraphs":true,"m_FxEnabled":true},"in2DMode":false,"pivot":{"x":-0.02057415246963501,"y":-1.2594953775405884,"z":-2.85278058052063},"rotation":{"x":0.007417778484523296,"y":0.9789051413536072,"z":-0.20099322497844697,"w":0.03613835573196411},"size":2.561044931411743,"orthographic":false}